{
  "run_id": "20260329_080125_deterministic",
  "run_dir": "E:\\dsai_group4_project\\app\\perf_logs\\20260329_080125_deterministic",
  "start_time_epoch": 1774771285.0397048,
  "end_time_epoch": 1774771350.2318096,
  "duration_sec": 65.19210420000309,
  "frames_processed": 216,
  "avg_fps": 3.313284678422602,
  "total_detections": 112,
  "avg_detections_per_frame": 0.5185185185185185,
  "tts_event_count": 8,
  "nav_command_distribution": {
    "Path clear. Continue straight.": 199,
    "Clear path on your right. Turn right.": 10,
    "Clear path on your left. Turn left.": 7
  },
  "resource_peaks": {
    "peak_process_rss_mb": 1532.71484375,
    "peak_process_cpu_percent": 889.2,
    "peak_system_memory_percent": 70.1,
    "peak_gpu_memory_allocated_mb": 139.9775390625,
    "peak_gpu_memory_reserved_mb": 466.0,
    "peak_gpu_utilization_percent": 0.0
  },
  "latency_summary_ms": {
    "yolo": {
      "count": 216,
      "mean_ms": 20.257321296244132,
      "min_ms": 10.59730000270065,
      "max_ms": 1127.2459999963758,
      "p50_ms": 13.357099996937905,
      "p95_ms": 17.25955000074464,
      "p99_ms": 121.25817999949439
    },
    "depth": {
      "count": 216,
      "mean_ms": 99.6117560186273,
      "min_ms": 83.20420000382,
      "max_ms": 370.96639999799663,
      "p50_ms": 90.42994999617804,
      "p95_ms": 102.88620000210358,
      "p99_ms": 338.98486500183935
    },
    "navigation": {
      "count": 216,
      "mean_ms": 0.02078333330212411,
      "min_ms": 0.012999997125007212,
      "max_ms": 0.0827999974717386,
      "p50_ms": 0.017949998436961323,
      "p95_ms": 0.03380000089237001,
      "p99_ms": 0.04564000264508647
    },
    "tts": {
      "count": 216,
      "mean_ms": 156.58129027761552,
      "min_ms": 0.0013999961083754897,
      "max_ms": 6581.474400001753,
      "p50_ms": 0.0029000002541579306,
      "p95_ms": 0.005349997081793845,
      "p99_ms": 4340.5851550029165
    },
    "overall": {
      "count": 216,
      "mean_ms": 295.9979449073958,
      "min_ms": 111.03459999867482,
      "max_ms": 8201.642699998047,
      "p50_ms": 123.00379999942379,
      "p95_ms": 371.1876999986998,
      "p99_ms": 4461.929110002164
    },
    "capture": {
      "count": 216,
      "mean_ms": 8.228343055600783,
      "min_ms": 5.057500005932525,
      "max_ms": 82.18330000090646,
      "p50_ms": 7.874000002630055,
      "p95_ms": 9.091199995964416,
      "p99_ms": 10.266354996201695
    },
    "video_write": {
      "count": 216,
      "mean_ms": 4.349399074170732,
      "min_ms": 2.066400003968738,
      "max_ms": 12.549000006401911,
      "p50_ms": 3.363899999385467,
      "p95_ms": 8.131249996949919,
      "p99_ms": 11.335380001764849
    },
    "display": {
      "count": 216,
      "mean_ms": 2.1736245365968054,
      "min_ms": 1.29420000303071,
      "max_ms": 57.1256999974139,
      "p50_ms": 1.7902499967021868,
      "p95_ms": 2.4171750010282267,
      "p99_ms": 9.198725003079712
    },
    "deterministic_nav": {
      "count": 216,
      "mean_ms": 0.019937037130283122,
      "min_ms": 0.012500000593718141,
      "max_ms": 0.08199999865610152,
      "p50_ms": 0.016900001355679706,
      "p95_ms": 0.033125001209555194,
      "p99_ms": 0.044865005111205364
    },
    "slm_nav": {
      "count": 0,
      "mean_ms": null,
      "min_ms": null,
      "max_ms": null,
      "p50_ms": null,
      "p95_ms": null,
      "p99_ms": null
    },
    "visualization": {
      "count": 216,
      "mean_ms": 1.9548208336143742,
      "min_ms": 1.4216999989002943,
      "max_ms": 4.580699998768978,
      "p50_ms": 1.975049999600742,
      "p95_ms": 2.362600003834814,
      "p99_ms": 2.5512150015856605
    },
    "spatial": {
      "count": 216,
      "mean_ms": 0.44519074109067097,
      "min_ms": 0.0010999938240274787,
      "max_ms": 4.716900002676994,
      "p50_ms": 0.0022000021999701858,
      "p95_ms": 2.056050003375276,
      "p99_ms": 4.367114999695332
    }
  },
  "model_load_ms": 599.5992000025581,
  "output_json_path": "E:\\dsai_group4_project\\app\\bbox_output.json",
  "output_video_path": "E:\\dsai_group4_project\\app\\yolo_depth_output.mp4",
  "system": {
    "platform": "Windows-11-10.0.26200-SP0",
    "python_version": "3.13.7 (tags/v3.13.7:bcee1c3, Aug 14 2025, 14:15:11) [MSC v.1944 64 bit (AMD64)]",
    "processor": "AMD64 Family 25 Model 68 Stepping 1, AuthenticAMD",
    "machine": "AMD64",
    "cpu_count_logical": 16,
    "torch_version": "2.10.0+cu126",
    "cuda_available": true,
    "cuda_device_name": "NVIDIA GeForce RTX 4050 Laptop GPU",
    "psutil_available": true,
    "nvml_available": false
  },
  "model_artifacts": {
    "yolo_weights": "E:\\dsai_group4_project\\app\\..\\model_training\\object_detection\\best-weights\\YOLOv8n-uni.pt",
    "yolo_weights_size_mb": 5.943338394165039,
    "depth_model_dir": "E:\\dsai_group4_project\\model_training\\depth_estimation\\model_weights",
    "depth_model_dir_size_mb": 94.58140277862549
  },
  "config": {
    "nav_logic_mode": 0,
    "plot_stream_mode": 0,
    "video_source": 1,
    "show_windows": true,
    "tts_enabled": true,
    "yolo_weights": "E:\\dsai_group4_project\\app\\..\\model_training\\object_detection\\best-weights\\YOLOv8n-uni.pt",
    "depth_model_dir": "E:\\dsai_group4_project\\model_training\\depth_estimation\\model_weights"
  }
}