{
  "started_at_epoch": 1776513814.1315556,
  "finished_at_epoch": 1776513981.9285321,
  "duration_seconds": 167.7969765663147,
  "model_load_ms": 469.4065999938175,
  "total_frames": 1557,
  "total_frames_captured": 1557,
  "total_frames_processed": 779,
  "total_frames_skipped": 778,
  "skip_ratio": 0.49967886962106617,
  "effective_capture_fps": 9.279070647525412,
  "processed_fps": 4.642515115235899,
  "resource_samples": 156,
  "run_config": {
    "plot_stream_mode": 0,
    "video_source": "1",
    "show_windows": true,
    "tts_enabled": true,
    "yolo_weights": "E:\\dsai_group4_project\\model_training\\object_detection\\best-weights\\YOLO11s-Final-Training.pt",
    "depth_model_dir": "E:\\dsai_group4_project\\model_training\\depth_estimation\\model_weights\\depth_anything_v2_metric_hypersim_vits.pth",
    "process_every_n_frames": 2,
    "frame_skipping_enabled": true,
    "platform": "Windows-11-10.0.26200-SP0"
  },
  "module_latencies": {
    "yolo_latency_ms": {
      "mean": 16.41755558478476,
      "p50": 15.253600024152547,
      "p95": 17.19269997556694
    },
    "depth_latency_ms": {
      "mean": 115.49416174584599,
      "p50": 113.20749999140389,
      "p95": 125.5024999845773
    },
    "depth_hazard_latency_ms": {
      "mean": 16.69622310615098,
      "p50": 16.821599972900003,
      "p95": 20.39569997577928
    },
    "navigation_latency_ms": {
      "mean": 0.027730808835727698,
      "p50": 0.02680000034160912,
      "p95": 0.04019998596049845
    },
    "tts_latency_ms": {
      "mean": 0.0050384076877437916,
      "p50": 0.0050000089686363935,
      "p95": 0.01090002479031682
    },
    "frame_total_latency_ms": {
      "mean": 95.98076653786575,
      "p50": 145.09669999824837,
      "p95": 184.71279999357648
    },
    "app_loop_latency_ms": {
      "mean": 107.0613083495992,
      "p50": 157.3045999975875,
      "p95": 195.35980001091957
    },
    "fps_instant": {
      "mean": 18.986329971481336,
      "p50": 6.357093181097924,
      "p95": 41.730479546931015
    }
  }
}