{
  "yolo": {
    "count": 363,
    "mean_ms": 14.304396418860046,
    "min_ms": 10.223199999018107,
    "max_ms": 595.1786000005086,
    "p50_ms": 12.454499999876134,
    "p95_ms": 15.46818999995594,
    "p99_ms": 21.82738399744266
  },
  "depth": {
    "count": 363,
    "mean_ms": 90.98841707967318,
    "min_ms": 81.96300000417978,
    "max_ms": 294.7733999972115,
    "p50_ms": 88.65769999829354,
    "p95_ms": 95.16495000134455,
    "p99_ms": 153.0909360032818
  },
  "navigation": {
    "count": 363,
    "mean_ms": 0.017063360885439888,
    "min_ms": 0.01219999830937013,
    "max_ms": 0.056899996707215905,
    "p50_ms": 0.015799996617715806,
    "p95_ms": 0.025980001373682168,
    "p99_ms": 0.038513997715199366
  },
  "tts": {
    "count": 363,
    "mean_ms": 67.79227796116585,
    "min_ms": 0.001600004907231778,
    "max_ms": 5103.002700001525,
    "p50_ms": 0.0027999994927085936,
    "p95_ms": 0.0043000036384910345,
    "p99_ms": 3679.47359599915
  },
  "overall": {
    "count": 363,
    "mean_ms": 190.78674876018792,
    "min_ms": 107.59780000080355,
    "max_ms": 6075.435500002641,
    "p50_ms": 118.12070000451058,
    "p95_ms": 131.13849999863305,
    "p99_ms": 3794.087815997043
  },
  "capture": {
    "count": 363,
    "mean_ms": 7.963560330603732,
    "min_ms": 4.462400000193156,
    "max_ms": 39.4250999961514,
    "p50_ms": 7.962299998325761,
    "p95_ms": 9.886479997658167,
    "p99_ms": 10.913707995932779
  },
  "video_write": {
    "count": 363,
    "mean_ms": 3.863494765714514,
    "min_ms": 1.9438000017544255,
    "max_ms": 12.272799998754635,
    "p50_ms": 3.4651999958441593,
    "p95_ms": 7.612449997395743,
    "p99_ms": 9.16388800163986
  },
  "display": {
    "count": 363,
    "mean_ms": 1.9021545457722653,
    "min_ms": 1.2277999994694255,
    "max_ms": 67.41209999745479,
    "p50_ms": 1.748599999700673,
    "p95_ms": 2.041549996647518,
    "p99_ms": 2.4557040024956214
  },
  "deterministic_nav": {
    "count": 363,
    "mean_ms": 0.01607272718980467,
    "min_ms": 0.011600001016631722,
    "max_ms": 0.03989999822806567,
    "p50_ms": 0.014899997040629387,
    "p95_ms": 0.025209996965713778,
    "p99_ms": 0.037313997599994764
  },
  "slm_nav": {
    "count": 0,
    "mean_ms": null,
    "min_ms": null,
    "max_ms": null,
    "p50_ms": null,
    "p95_ms": null,
    "p99_ms": null
  },
  "visualization": {
    "count": 363,
    "mean_ms": 1.9105410469080495,
    "min_ms": 1.4573000007658266,
    "max_ms": 3.3246000020881183,
    "p50_ms": 1.937799999723211,
    "p95_ms": 2.2448299976531416,
    "p99_ms": 2.51649999860092
  },
  "spatial": {
    "count": 363,
    "mean_ms": 0.09021707966002654,
    "min_ms": 0.0011000010999850929,
    "max_ms": 2.1963000035611913,
    "p50_ms": 0.0018999999156221747,
    "p95_ms": 0.813989998277975,
    "p99_ms": 1.8714219979301552
  }
}