{
  "yolo": {
    "count": 333,
    "mean_ms": 13.888701501625972,
    "min_ms": 10.97009999648435,
    "max_ms": 26.961800002027303,
    "p50_ms": 13.359199998376425,
    "p95_ms": 17.591839999658987,
    "p99_ms": 24.999488003959417
  },
  "depth": {
    "count": 333,
    "mean_ms": 90.25495345353788,
    "min_ms": 82.8687999965041,
    "max_ms": 101.09260000172071,
    "p50_ms": 89.8864999981015,
    "p95_ms": 96.23283999972045,
    "p99_ms": 98.46087199723115
  },
  "navigation": {
    "count": 333,
    "mean_ms": 0.03213723714172549,
    "min_ms": 0.01479999627918005,
    "max_ms": 0.05439999949885532,
    "p50_ms": 0.032199997804127634,
    "p95_ms": 0.04281999863451346,
    "p99_ms": 0.04967599990777671
  },
  "tts": {
    "count": 333,
    "mean_ms": 0.0026264263672877227,
    "min_ms": 0.0012000018614344299,
    "max_ms": 0.029499999072868377,
    "p50_ms": 0.0022999956854619086,
    "p95_ms": 0.0040400016587227566,
    "p99_ms": 0.01193599542602902
  },
  "overall": {
    "count": 333,
    "mean_ms": 124.45879879877091,
    "min_ms": 111.5152999991551,
    "max_ms": 144.7455000015907,
    "p50_ms": 124.22460000379942,
    "p95_ms": 134.8766000024625,
    "p99_ms": 140.95483200042509
  },
  "capture": {
    "count": 333,
    "mean_ms": 7.9913366366467615,
    "min_ms": 4.297599996789359,
    "max_ms": 12.004700001853053,
    "p50_ms": 8.003399998415262,
    "p95_ms": 9.996400000818538,
    "p99_ms": 10.695483997405972
  },
  "video_write": {
    "count": 333,
    "mean_ms": 4.236450750727204,
    "min_ms": 1.9061999992118217,
    "max_ms": 11.532299999089446,
    "p50_ms": 3.821799997240305,
    "p95_ms": 7.860159997653679,
    "p99_ms": 9.11255999963032
  },
  "display": {
    "count": 333,
    "mean_ms": 1.8276264264378361,
    "min_ms": 1.2117000005673617,
    "max_ms": 2.853700003470294,
    "p50_ms": 1.858400006312877,
    "p95_ms": 2.188259999093134,
    "p99_ms": 2.4217000021599238
  },
  "deterministic_nav": {
    "count": 333,
    "mean_ms": 0.031405705589781494,
    "min_ms": 0.013900003978051245,
    "max_ms": 0.053800002206116915,
    "p50_ms": 0.03149999974993989,
    "p95_ms": 0.041879998752847314,
    "p99_ms": 0.049111997941508896
  },
  "slm_nav": {
    "count": 0,
    "mean_ms": null,
    "min_ms": null,
    "max_ms": null,
    "p50_ms": null,
    "p95_ms": null,
    "p99_ms": null
  },
  "visualization": {
    "count": 333,
    "mean_ms": 2.023450450275328,
    "min_ms": 1.4762999999220483,
    "max_ms": 3.2474999970872886,
    "p50_ms": 1.9727000035345554,
    "p95_ms": 2.5481199991190806,
    "p99_ms": 2.918107995647006
  },
  "spatial": {
    "count": 333,
    "mean_ms": 1.6800426426750898,
    "min_ms": 0.0014999968698248267,
    "max_ms": 4.280499997548759,
    "p50_ms": 1.8630000049597584,
    "p95_ms": 2.6469199990970083,
    "p99_ms": 2.9047200031345715
  }
}