{
  "started_at_epoch": 1776513763.76361,
  "finished_at_epoch": 1776513805.5516806,
  "duration_seconds": 41.78807067871094,
  "model_load_ms": 512.3632999893744,
  "total_frames": 365,
  "total_frames_captured": 365,
  "total_frames_processed": 183,
  "total_frames_skipped": 182,
  "skip_ratio": 0.4986301369863014,
  "effective_capture_fps": 8.73455017357263,
  "processed_fps": 4.379240224010387,
  "resource_samples": 37,
  "run_config": {
    "plot_stream_mode": 0,
    "video_source": "1",
    "show_windows": true,
    "tts_enabled": true,
    "yolo_weights": "E:\\dsai_group4_project\\model_training\\object_detection\\best-weights\\YOLO11s-Final-Training.pt",
    "depth_model_dir": "E:\\dsai_group4_project\\model_training\\depth_estimation\\model_weights\\depth_anything_v2_metric_hypersim_vits.pth",
    "process_every_n_frames": 2,
    "frame_skipping_enabled": true,
    "platform": "Windows-11-10.0.26200-SP0"
  },
  "module_latencies": {
    "yolo_latency_ms": {
      "mean": 18.222566667302953,
      "p50": 14.300300012109801,
      "p95": 15.54360002046451
    },
    "depth_latency_ms": {
      "mean": 112.87073825108767,
      "p50": 111.71789999934845,
      "p95": 117.75979999219999
    },
    "depth_hazard_latency_ms": {
      "mean": 17.89201803306942,
      "p50": 17.66499999212101,
      "p95": 19.21030000085011
    },
    "navigation_latency_ms": {
      "mean": 0.020725680725099366,
      "p50": 0.01999997766688466,
      "p95": 0.026699999580159783
    },
    "tts_latency_ms": {
      "mean": 0.0036893154124486936,
      "p50": 0.0049000082071870565,
      "p95": 0.008200004231184721
    },
    "frame_total_latency_ms": {
      "mean": 98.35663945158969,
      "p50": 161.73930000513792,
      "p95": 172.2868000215385
    },
    "app_loop_latency_ms": {
      "mean": 111.3674657543713,
      "p50": 170.94219999853522,
      "p95": 187.37650002003647
    },
    "fps_instant": {
      "mean": 16.738097111055026,
      "p50": 5.849930561374364,
      "p95": 32.09397114570114
    }
  }
}