{
  "started_at_epoch": 1776498587.5416386,
  "finished_at_epoch": 1776498642.761256,
  "duration_seconds": 55.21961736679077,
  "model_load_ms": 587.2328999976162,
  "total_frames": 507,
  "total_frames_captured": 507,
  "total_frames_processed": 254,
  "total_frames_skipped": 253,
  "skip_ratio": 0.4990138067061144,
  "effective_capture_fps": 9.181519615253821,
  "processed_fps": 4.599814560699153,
  "resource_samples": 51,
  "run_config": {
    "plot_stream_mode": 0,
    "video_source": "1",
    "show_windows": true,
    "tts_enabled": true,
    "yolo_weights": "E:\\dsai_group4_project\\model_training\\object_detection\\best-weights\\YOLO11s-Final-Training.pt",
    "depth_model_dir": "E:\\dsai_group4_project\\model_training\\depth_estimation\\model_weights\\depth_anything_v2_metric_hypersim_vits.pth",
    "process_every_n_frames": 2,
    "frame_skipping_enabled": true,
    "platform": "Windows-11-10.0.26200-SP0"
  },
  "module_latencies": {
    "yolo_latency_ms": {
      "mean": 18.34954999984924,
      "p50": 15.581599989673123,
      "p95": 17.228899989277124
    },
    "depth_latency_ms": {
      "mean": 113.63117598472932,
      "p50": 112.34300001524389,
      "p95": 121.04249998810701
    },
    "depth_hazard_latency_ms": {
      "mean": 16.862938976108726,
      "p50": 17.73160000448115,
      "p95": 19.714699999894947
    },
    "navigation_latency_ms": {
      "mean": 0.027410629297987977,
      "p50": 0.025999994250014424,
      "p95": 0.04129999433644116
    },
    "tts_latency_ms": {
      "mean": 0.004791124348199873,
      "p50": 0.0052000104915350676,
      "p95": 0.010200019460171461
    },
    "frame_total_latency_ms": {
      "mean": 95.60132978218368,
      "p50": 149.17030002106912,
      "p95": 176.2526000093203
    },
    "app_loop_latency_ms": {
      "mean": 106.64152919207571,
      "p50": 158.55410002404824,
      "p95": 187.4039999966044
    },
    "fps_instant": {
      "mean": 19.643398166578006,
      "p50": 6.306995529275672,
      "p95": 48.02635688644133
    }
  }
}